alias santoro-daniella Daniella Santoro <dsantoro@diversant.com>
alias patel-pooja Pooja K Patel <poojakpatel3_jfi7@indeedemail.com>
alias applications-applyweb ApplyWeb On-Line Applications <applyweb@collegenet.com>
alias accounts@applyweb.com accounts@applyweb.com
alias aid-federal Federal Student Aid <FederalStudentAidFAFSA@cpsemail.ed.gov>
alias information-fsa FSA ID Information <FSA-ID@ed.gov>
alias eric-farley Farley Eric <Eric.Farley@uphs.upenn.edu>
alias Bryan <bryanbugyi34@gmail.com>
alias thomas-amanda Amanda Thomas <admissions@stetson.edu>
alias kapp-reuben Reuben Kapp <kappreub@umich.edu>
alias subsystem-mail Mail Delivery Subsystem <mailer-daemon@googlemail.com>
alias life-rcbc RCBC Office of Student Life <studentactivities@rcbc.edu>
alias registration@rcbc.edu registration@rcbc.edu
alias administrator-datatel Datatel administrator <datatel@rcbc.edu>
alias app-common Common App <appsupport@commonapp.net>
alias appsupport@commonapp.net appsupport@commonapp.net
alias admissions-rutgers Rutgers University Office of Undergraduate Admissions <mailer@admissions.rutgers.edu>
alias club-phi Phi Theta Kappa Club <ptk@rcbc.edu>
alias ansys-tech Tech Briefs Media on behalf of ANSYS <publisher@techbriefs.info>
alias bugyi-bryan Bryan Bugyi <bryanbugyi34@gmail.com>
alias parker-angelique Angelique parker <flutter2u@gmail.com>
alias chojnacki-alex Alex Chojnacki <thealex@umich.edu>
alias donnelly-kelly Kelly Donnelly <kelly_donnelly554@yahoo.com>
alias info@bonavitaworld.com <info@bonavitaworld.com>
alias briefs-nasa NASA Tech Briefs <eresponse@abpi.net>
alias project-the The Energy Project <email@theenergyproject.com>
alias IFTTT <mail@ifttt.com>
alias weisbrod-jonathan Jonathan Weisbrod <jweisbrod@rcbc.edu>
alias bugyi-bryan Bryan Bugyi <bryan_bugyi@mymail.rcbc.edu>
